T+ Audio Arrived (s)	T+ Sent Worker (s)	T+ Worker Done (s)	T+ Results UI (s)	Audio Len (s)	Process Time (s)	Type	Text / Event
0.00	1.00	6.19	6.19	1.00	5.19	PARTIAL	Good morning.
0.65	6.25	16.52	16.52	5.60	5.39	PARTIAL	Good morning. How are you feeling today? I'm not feeling well, doctor.
1.94	16.64	29.72	29.72	14.70	6.89	PARTIAL	Good morning. How are you feeling today? I'm not feeling well, doctor. I've had a headache and fever since yesterday. I see. Do you also have a sore throat or cough? Yes. I've been coughing
3.38	29.78	42.67	42.68	26.40	6.80	FINAL (Max-Gap)	 Good morning. How are you feeling today? I'm not feeling well, doctor. I've had a headache and fever since yesterday. I see. Do you also have a sore throat or cough? Yes. I've been coughing a little and my throat feels dry. All right. Let me check your temperature. It's slightly high.
3.38	29.78	42.67	42.70	26.40	6.80	PARTIAL (split)	Have you taken any...
30.07	42.80	55.60	55.60	12.73	6.61	PARTIAL	Have you taken any medicine yet? Just some Tylenol, but it didn't help much. Okay. It looks like a mild infection. I'll prescribe you some antibiotics.
31.46	55.69	73.93	73.93	24.23	8.84	PARTIAL	Have you taken any medicine yet? Just some Tylenol, but it didn't help much. Okay. It looks like a mild infection. I'll prescribe you some antibiotics and stir up for the cough. How long will it take to feel better? Usually within three to four days, if you rest and take the medicine on time. All right. I'll do that.
38.73	73.93	100.16	100.16	35.20	19.11	FINAL (Tail-Pass)	 Have you taken any medicine yet? Just some Tylenol, but it didn't help much. Okay. It looks like a mild infection. I'll prescribe you some antibiotics and stir up for the cough. How long will it take to feel better? Usually within three to four days, if you rest and take the medicine on time. All right. I'll do that. Thank you, doctor. Take care, drink plenty of water, and get enough sleep. Come back if the fever doesn't go down. I will. Thanks again.
39.79	100.16	100.16	100.16	60.37	0.00	SESSION END	Emitted Words: 137
